[
    {
        "tenantId": "vt000",
        "tenantIdentifier": "vt000",
        "tenantName": "Vairav Technology",
        "tenantIndexName": "vt000_report-engine",
        "reportsFolderName": "vt000",
        "indexPrefix": "vt000_",
        "tenantGroup": "/vt000",
        "templateAccess": [
            "s_01",
            "s_02",
            "s_03",
            "s_04",
            "s_05",
            "s_06",
            "s_07",
            "s_08",
            "s_09",
            "c_nb01_01",
            "c_nb01_02",
            "c_bk02_01",
            "c_bk02_02",
            "c_bk02_03",
            "c_bk02_04",
            "c_bk02_05",
            "c_bk02_06"
        ]
    }
]