[
      {
        "tenantId": "vt000",
        "tenantIdentifier": "vt000",
        "tenantName": "Vairav Corporation",
        "tenantIndexName": "vt000_incident_response",
        "reportsFolderName": "vt000",
        "indexPrefix": "vt000_",
        "tenantGroup": "/vt000"
    },
      {
        "tenantId": "tenant01",
        "tenantIdentifier": "tenant01",
        "tenantName": "Tenant01",
        "tenantIndexName": "tenant01_incident_response",
        "reportsFolderName": "tenant01",
        "indexPrefix": "tenant01_",
        "tenantGroup": "/tenant01"
    }

]
