{"name":"Wazuh App","app-version":"4.0.4","revision":"4016","installationDate":"2021-09-21T14:43:26.404Z","lastRestart":"2021-09-21T14:43:26.404Z","hosts":{"default":{"token":"eyJ0eXAiOiJKV1QiLCJhbGciOiJIUzI1NiJ9.eyJpc3MiOiJ3YXp1aCIsImF1ZCI6IldhenVoIEFQSSBSRVNUIiwibmJmIjoxNjUxMjE0NjA4LCJleHAiOjE2NTEyMTU1MDgsInN1YiI6IndhenVoIiwicnVuX2FzIjpmYWxzZSwicmJhY19yb2xlcyI6WzFdLCJyYmFjX21vZGUiOiJ3aGl0ZSJ9.1rAIrjzwvoLDCTKmFV7mIoSAJKaXW9PZhV2fzQHl-7c","extensions":{"audit":true,"pci":true,"gdpr":true,"hipaa":true,"nist":true,"tsc":true,"oscap":false,"ciscat":false,"aws":false,"gcp":false,"virustotal":false,"osquery":false,"docker":false},"cluster_info":{"status":"disabled","manager":"wazuh","cluster":"Disabled"}}}}